periodo,anio,trimestre,personas_encuestadas,ocupados,ocupados_con_ingreso_declarado,ingreso_mediano,ingreso_medio
2023-T1,2023,1,48638,21518,17676,80000,101641
2023-T2,2023,2,49072,21797,18084,100000,127230
2023-T3,2023,3,48335,21624,17851,130000,161661
2023-T4,2023,4,47337,21312,17764,180000,217590
2024-T1,2024,1,46050,20325,16922,240000,298083
2024-T2,2024,2,47151,20735,17114,300000,407935
2024-T3,2024,3,47564,21031,16996,400000,524118
2024-T4,2024,4,46860,21132,16857,500000,629777
2025-T1,2025,1,45425,20076,16237,600000,712077
2025-T2,2025,2,46086,20374,16709,650000,786570
2025-T3,2025,3,44946,20066,16145,700000,847543
2025-T4,2025,4,43703,19698,15784,800000,917209
